Car Type,Vehicle Chassis,Fuel type,url,Manufacturer,Model,Price (€)
Hyundai i10 Comfort,Hatchback,Benzine,https://www.anwb.nl/auto/private-lease/anwb-private-lease/aanbod/hyundai/i10,Hyundai,i10 Comfort, 259
Hyundai i20 Comfort MHEV,Hatchback,Benzine,https://www.anwb.nl/auto/private-lease/anwb-private-lease/aanbod/hyundai/i20-mhev,Hyundai,i20 Comfort MHEV, 329
Ford Puma Titanium,SUV,Benzine,https://www.anwb.nl/auto/private-lease/anwb-private-lease/aanbod/ford/puma-mhev,Ford,Puma Titanium, 359
Hyundai BAYON Comfort MHEV,SUV,Benzine,https://www.anwb.nl/auto/private-lease/anwb-private-lease/aanbod/hyundai/bayon-mhev,Hyundai,BAYON Comfort MHEV, 359
Kia Ceed Sportswagon DynamicLine,Station5-deurs,Benzine,https://www.anwb.nl/auto/private-lease/anwb-private-lease/aanbod/kia/ceed-sportswagon,Kia,Ceed Sportswagon DynamicLine, 379
Skoda Kamiq Ambition,SUV,Benzine,https://www.anwb.nl/auto/private-lease/anwb-private-lease/aanbod/skoda/kamiq,Skoda,Kamiq Ambition, 389
Hyundai IONIQ 5 Style 58 kWh,Hatchback,Elektriciteit,https://www.anwb.nl/auto/private-lease/anwb-private-lease/aanbod/hyundai/ioniq-5-ev,Hyundai,IONIQ 5 Style 58 kWh, 539
"Hyundai IONIQ 6 Connect 77,4 kWh",Sedan,Elektriciteit,https://www.anwb.nl/auto/private-lease/anwb-private-lease/aanbod/hyundai/ioniq-6-ev,Hyundai,"IONIQ 6 Connect 77,4 kWh", 569
Hyundai TUCSON Hybrid Comfort Smart,SUV,Hybridebenzine,https://www.anwb.nl/auto/private-lease/anwb-private-lease/aanbod/hyundai/tucson-hybrid,Hyundai,TUCSON Hybrid Comfort Smart, 599
Suzuki Ignis Comfort,SUV,Benzine,https://www.anwb.nl/auto/private-lease/anwb-private-lease/aanbod/suzuki/ignis-mhev,Suzuki,Ignis Comfort, 279
Mitsubishi Space Star Connect+,Hatchback,Benzine,https://www.anwb.nl/auto/private-lease/anwb-private-lease/aanbod/mitsubishi/space-star,Mitsubishi,Space Star Connect+, 279
Fiat 500 Hybrid,Hatchback,Benzine,https://www.anwb.nl/auto/private-lease/anwb-private-lease/aanbod/fiat/500-mhev,Fiat,500 Hybrid, 279
Fiat Panda,hatchback,Benzine,https://www.anwb.nl/auto/private-lease/anwb-private-lease/aanbod/fiat/panda-mhev,Fiat,Panda, 299
Toyota AYGO X Play,Hatchback,Benzine,https://www.anwb.nl/auto/private-lease/anwb-private-lease/aanbod/toyota/aygo-x,Toyota,AYGO X Play, 299
Fiat 500C,Cabriolet2-deurs,Benzine,https://www.anwb.nl/auto/private-lease/anwb-private-lease/aanbod/fiat/500c-mhev,Fiat,500C, 324
Dacia Sandero Expression,Hatchback,Benzine,https://www.anwb.nl/auto/private-lease/anwb-private-lease/aanbod/dacia/sandero,Dacia,Sandero Expression, 324
Mazda 2 MHEV Centre-Line,Hatchback,Benzine,https://www.anwb.nl/auto/private-lease/anwb-private-lease/aanbod/mazda/2-mhev,Mazda,2 MHEV Centre-Line, 334
Citroën C3 Plus, Hatchback,Benzine,https://www.anwb.nl/auto/private-lease/anwb-private-lease/aanbod/citroen/c3,Citroën,C3 Plus, 339
Renault TWINGO Electric Equilibre,Hatchback,Elektriciteit,https://www.anwb.nl/auto/private-lease/anwb-private-lease/aanbod/renault/twingo-ev,Renault,TWINGO Electric Equilibre, 339
Mitsubishi Colt Pure,Hatchback ,Benzine,https://www.anwb.nl/auto/private-lease/anwb-private-lease/aanbod/mitsubishi/colt,Mitsubishi,Colt Pure, 339
Skoda Fabia Active,Hatchback,Benzine,https://www.anwb.nl/auto/private-lease/anwb-private-lease/aanbod/skoda/fabia,Skoda,Fabia Active, 349
Renault CLIO Evolution,Hatchback,Benzine,https://www.anwb.nl/auto/private-lease/anwb-private-lease/aanbod/renault/clio,Renault,CLIO Evolution, 354
Fiat 500e 24 kWH Urban,Hatchback,Elektriciteit,https://www.anwb.nl/auto/private-lease/anwb-private-lease/aanbod/fiat/500e-ev,Fiat,500e 24 kWH Urban, 359
Fiat 500e 24 kWH Urban,Hatchback,Elektriciteit,https://www.anwb.nl/auto/private-lease/anwb-private-lease/aanbod/fiat/500e-ev,Fiat,500e 24 kWH Urban, 399
Fiat 500e 24 kWH Urban,Hatchback,Elektriciteit,https://www.anwb.nl/auto/private-lease/anwb-private-lease/aanbod/fiat/500e-ev,Fiat,500e 24 kWH Urban, 359
Fiat 500e 24 kWH Urban,Hatchback,Elektriciteit,https://www.anwb.nl/auto/private-lease/anwb-private-lease/aanbod/fiat/500e-ev,Fiat,500e 24 kWH Urban, 399
Peugeot 208 Active,hatchback,Benzine,https://www.anwb.nl/auto/private-lease/anwb-private-lease/aanbod/peugeot/208,Peugeot,208 Active, 359
Dacia Sandero Stepway Expression,Hatchback,Benzine,https://www.anwb.nl/auto/private-lease/anwb-private-lease/aanbod/dacia/sandero-stepway,Dacia,Sandero Stepway Expression, 359
Seat Ibiza Style,hatchback,Benzine,https://www.anwb.nl/auto/private-lease/anwb-private-lease/aanbod/seat/ibiza,Seat,Ibiza Style, 359
Nieuwe Opel Corsa,Hatchback,Benzine,https://www.anwb.nl/auto/private-lease/anwb-private-lease/aanbod/opel/corsa,Nieuwe,Opel Corsa, 369
Toyota Yaris Active,Hatchback,benzine,https://www.anwb.nl/auto/private-lease/anwb-private-lease/aanbod/toyota/yaris,Toyota,Yaris Active, 374
Renault CLIO Hybrid Evolution,Hatchback,HybrideBenzine,https://www.anwb.nl/auto/private-lease/anwb-private-lease/aanbod/renault/clio-hybrid,Renault,CLIO Hybrid Evolution, 384
Toyota Yaris Hybrid Active,Hatchback,Hybridebenzine,https://www.anwb.nl/auto/private-lease/anwb-private-lease/aanbod/toyota/yaris-hybrid,Toyota,Yaris Hybrid Active, 384
Mazda 2 Hybrid Prime-Line,Hatchback,Hybridebenzine,https://www.anwb.nl/auto/private-lease/anwb-private-lease/aanbod/mazda/2-hybrid,Mazda,2 Hybrid Prime-Line, 389
BYD Dolphin Active,Hatchback,Elektriciteit,https://www.anwb.nl/auto/private-lease/anwb-private-lease/aanbod/byd/dolphin-ev,BYD,Dolphin Active, 399
Volkswagen Polo Life,Hatchback,Benzine,https://www.anwb.nl/auto/private-lease/anwb-private-lease/aanbod/volkswagen/polo,Volkswagen,Polo Life, 399
Dacia Jogger Expression,MPV,Benzine,https://www.anwb.nl/auto/private-lease/anwb-private-lease/aanbod/dacia/jogger,Dacia,Jogger Expression, 399
Kia Stonic ComfortLine,SUV,Benzine,https://www.anwb.nl/auto/private-lease/anwb-private-lease/aanbod/kia/stonic-mhev,Kia,Stonic ComfortLine, 399
Nieuwe Peugeot 208 Active Hybrid,hatchback,Benzine,https://www.anwb.nl/auto/private-lease/anwb-private-lease/aanbod/peugeot/208-mhev,Nieuwe,Peugeot 208 Active Hybrid, 404
Hyundai i30 i-Motion MHEV,Hatchback,Benzine,https://www.anwb.nl/auto/private-lease/anwb-private-lease/aanbod/hyundai/i30-mhev,Hyundai,i30 i-Motion MHEV, 409
Seat Arona Style,SUV,Benzine,https://www.anwb.nl/auto/private-lease/anwb-private-lease/aanbod/seat/arona,Seat,Arona Style, 414
Renault CAPTUR Equilibre,SUV,Benzine,https://www.anwb.nl/auto/private-lease/anwb-private-lease/aanbod/renault/captur,Renault,CAPTUR Equilibre, 414
Nissan Juke Acenta,SUV,Benzine,https://www.anwb.nl/auto/private-lease/anwb-private-lease/aanbod/nissan/juke,Nissan,Juke Acenta, 419
Dacia Duster Expression,SUV,Benzine,https://www.anwb.nl/auto/private-lease/anwb-private-lease/aanbod/dacia/duster,Dacia,Duster Expression, 419
Citroën C3 Aircross You,SUV,Benzine,https://www.anwb.nl/auto/private-lease/anwb-private-lease/aanbod/citroen/c3-aircross,Citroën,C3 Aircross You, 419
Mitsubishi Colt Hybrid Intense,Hatchback ,Hybridebenzine,https://www.anwb.nl/auto/private-lease/anwb-private-lease/aanbod/mitsubishi/colt-hybrid,Mitsubishi,Colt Hybrid Intense, 419
Audi A1 Sportback,Sportback,Benzine,https://www.anwb.nl/auto/private-lease/anwb-private-lease/aanbod/audi/a1-sportback,Audi,A1 Sportback, 419
Opel Crossland Elegance,SUV,Benzine,https://www.anwb.nl/auto/private-lease/anwb-private-lease/aanbod/opel/crossland,Opel,Crossland Elegance, 424
Skoda Scala Ambition,Hatchback,Benzine,https://www.anwb.nl/auto/private-lease/anwb-private-lease/aanbod/skoda/scala,Skoda,Scala Ambition, 429
Mini Cooper,Hatchback,Benzine,https://www.anwb.nl/auto/private-lease/anwb-private-lease/aanbod/mini/cooper,Mini,Cooper, 429
Opel Mokka,SUV,Benzine,https://www.anwb.nl/auto/private-lease/anwb-private-lease/aanbod/opel/mokka,Opel,Mokka, 434
Citroën C4 You,Hatchback,Benzine,https://www.anwb.nl/auto/private-lease/anwb-private-lease/aanbod/citroen/c4,Citroën,C4 You, 439
Toyota Yaris Cross Active,Hatchback,Benzine,https://www.anwb.nl/auto/private-lease/anwb-private-lease/aanbod/toyota/yaris-cross,Toyota,Yaris Cross Active, 439
Nieuwe Opel Corsa Electric,Hatchback,Elektriciteit,https://www.anwb.nl/auto/private-lease/anwb-private-lease/aanbod/opel/corsa-electric-ev,Nieuwe,Opel Corsa Electric, 439
Hyundai i30 Wagon Comfort MHEV,Stationwagen,Benzine,https://www.anwb.nl/auto/private-lease/anwb-private-lease/aanbod/hyundai/i30-wagon-mhev,Hyundai,i30 Wagon Comfort MHEV, 444
Citroën C4 X You,Hatchback,Benzine,https://www.anwb.nl/auto/private-lease/anwb-private-lease/aanbod/citroen/c4-x,Citroën,C4 X You, 444
MG 4 Standard,Hatchback5 deurs,Elektriciteit,https://www.anwb.nl/auto/private-lease/anwb-private-lease/aanbod/mg/4-ev,MG,4 Standard, 444
Ford Focus Titanium,Hatchback,Benzine,https://www.anwb.nl/auto/private-lease/anwb-private-lease/aanbod/ford/focus-mhev,Ford,Focus Titanium, 449
Toyota Yaris Cross Hybrid Active,SUV,Hybridebenzine,https://www.anwb.nl/auto/private-lease/anwb-private-lease/aanbod/toyota/yaris-cross-hybrid,Toyota,Yaris Cross Hybrid Active, 454
Peugeot e-208 Active,hatchback,Elektriciteit,https://www.anwb.nl/auto/private-lease/anwb-private-lease/aanbod/peugeot/e-208-ev,Peugeot,e-208 Active, 454
Renault CAPTUR Hybrid Evolution,SUV,Hybridebenzine,https://www.anwb.nl/auto/private-lease/anwb-private-lease/aanbod/renault/captur-hybrid,Renault,CAPTUR Hybrid Evolution, 459
Honda Jazz Elegance,Hatchback,Hybridebenzine,https://www.anwb.nl/auto/private-lease/anwb-private-lease/aanbod/honda/jazz-hybrid,Honda,Jazz Elegance, 459
Opel Mokka Electric,SUV,Elektriciteit,https://www.anwb.nl/auto/private-lease/anwb-private-lease/aanbod/opel/mokka-electric-ev,Opel,Mokka Electric, 459
Opel Astra,Hatchback,Benzine,https://www.anwb.nl/auto/private-lease/anwb-private-lease/aanbod/opel/astra,Opel,Astra, 459
Mazda 3 sedan Prime-Line,Sedan,Benzine,https://www.anwb.nl/auto/private-lease/anwb-private-lease/aanbod/mazda/3-sedan-mhev,Mazda,3 sedan Prime-Line, 459
Toyota Corolla Hybrid Comfort,Hatchback,Hybridebenzine,https://www.anwb.nl/auto/private-lease/anwb-private-lease/aanbod/toyota/corolla-hybrid,Toyota,Corolla Hybrid Comfort, 459
Mitsubishi ASX Intense,SUV,Benzine,https://www.anwb.nl/auto/private-lease/anwb-private-lease/aanbod/mitsubishi/asx-mhev,Mitsubishi,ASX Intense, 459
Seat Leon Style,Hatchback,Benzine,https://www.anwb.nl/auto/private-lease/anwb-private-lease/aanbod/seat/leon,Seat,Leon Style, 459
Fiat 600e Red 54 kWh,SUV,Elektriciteit,https://www.anwb.nl/auto/private-lease/anwb-private-lease/aanbod/fiat/600e-ev,Fiat,600e Red 54 kWh, 459
Mazda 3 hatchback Prime-Line,Hatchback,Benzine,https://www.anwb.nl/auto/private-lease/anwb-private-lease/aanbod/mazda/3-hatchback-mhev,Mazda,3 hatchback Prime-Line, 464
Dacia Jogger Hybrid Extreme,MPV,Hybridebenzine,https://www.anwb.nl/auto/private-lease/anwb-private-lease/aanbod/dacia/jogger-hybrid,Dacia,Jogger Hybrid Extreme, 469
Nissan Juke Hybrid N-Connecta,SUV,Hybridebenzine,https://www.anwb.nl/auto/private-lease/anwb-private-lease/aanbod/nissan/juke-hybrid,Nissan,Juke Hybrid N-Connecta, 469
MG ZS EV Comfort,SUV5 deurs,Elektriciteit,https://www.anwb.nl/auto/private-lease/anwb-private-lease/aanbod/mg/zs-ev,MG,ZS EV Comfort, 469
Nissan Leaf Acenta 39 kWh,Hatchback,Elektriciteit,https://www.anwb.nl/auto/private-lease/anwb-private-lease/aanbod/nissan/leaf-ev,Nissan,Leaf Acenta 39 kWh, 469
Ford Focus Wagon Titanium,Stationwagen,Benzine,https://www.anwb.nl/auto/private-lease/anwb-private-lease/aanbod/ford/focus-wagon-mhev,Ford,Focus Wagon Titanium, 469
Volkswagen Taigo Life,SUV,Benzine,https://www.anwb.nl/auto/private-lease/anwb-private-lease/aanbod/volkswagen/taigo,Volkswagen,Taigo Life, 474
Seat Leon Sportstourer Style,Stationwagen,Benzine,https://www.anwb.nl/auto/private-lease/anwb-private-lease/aanbod/seat/leon-sportstourer,Seat,Leon Sportstourer Style, 474
Seat Ateca Reference,SUV,Benzine,https://www.anwb.nl/auto/private-lease/anwb-private-lease/aanbod/seat/ateca,Seat,Ateca Reference, 479
Mazda MX-30 EV Prime-Line,SUV,Elektriciteit,https://www.anwb.nl/auto/private-lease/anwb-private-lease/aanbod/mazda/mx-30-ev,Mazda,MX-30 EV Prime-Line, 479
Mitsubishi ASX Hybrid Intense,SUV,Hybridebenzine,https://www.anwb.nl/auto/private-lease/anwb-private-lease/aanbod/mitsubishi/asx-hybrid,Mitsubishi,ASX Hybrid Intense, 484
Peugeot 308 Active Pack Business,Hatchback,Benzine,https://www.anwb.nl/auto/private-lease/anwb-private-lease/aanbod/peugeot/308,Peugeot,308 Active Pack Business, 484
MG 5 Comfort,Stationwagon5 deurs,Elektriciteit,https://www.anwb.nl/auto/private-lease/anwb-private-lease/aanbod/mg/5-ev,MG,5 Comfort, 484
Opel Astra Sports Tourer,Stationwagen,Benzine,https://www.anwb.nl/auto/private-lease/anwb-private-lease/aanbod/opel/astra-sports-tourer,Opel,Astra Sports Tourer, 484
NIEUW: Hyundai KONA Hybrid,SUV ,Hybridebenzine,https://www.anwb.nl/auto/private-lease/anwb-private-lease/aanbod/hyundai/kona-hybrid,NIEUW:,Hyundai KONA Hybrid, 484
Auto van het Jaar 2023:Jeep Avenger EV,SUV,Elektriciteit,https://www.anwb.nl/auto/private-lease/anwb-private-lease/aanbod/jeep/avenger-ev,Auto,van het Jaar 2023:Jeep Avenger EV, 489
Toyota Corolla Touring Sports Hybrid Active,Stationwagen,Hybridebenzine,https://www.anwb.nl/auto/private-lease/anwb-private-lease/aanbod/toyota/corolla-touring-sports-hybrid,Toyota,Corolla Touring Sports Hybrid Active, 499
Renault MEGANE E-Tech Electric EV40 Equilibre,SUV,Elektriciteit,https://www.anwb.nl/auto/private-lease/anwb-private-lease/aanbod/renault/megane-e-tech-ev,Renault,MEGANE E-Tech Electric EV40 Equilibre, 499
Nieuwe Opel Astra Electric,Hatchback,Elektriciteit,https://www.anwb.nl/auto/private-lease/anwb-private-lease/aanbod/opel/astra-electric-ev,Nieuwe,Opel Astra Electric, 499
Volvo EX30 Single Motor Core,SUV,Elektriciteit,https://www.anwb.nl/auto/private-lease/anwb-private-lease/aanbod/volvo/ex30-ev,Volvo,EX30 Single Motor Core, 499
Audi A3 Sportback Pro Line,Sportback,Benzine,https://www.anwb.nl/auto/private-lease/anwb-private-lease/aanbod/audi/a3-sportback,Audi,A3 Sportback Pro Line, 504
Audi A3 Limousine S Tronic Pro Line,Sedan ,Benzine,https://www.anwb.nl/auto/private-lease/anwb-private-lease/aanbod/audi/a3-limousine-mhev,Audi,A3 Limousine S Tronic Pro Line, 504
Peugeot e-2008 Active 50 kWH,SUV,Elektriciteit,https://www.anwb.nl/auto/private-lease/anwb-private-lease/aanbod/peugeot/e-2008-ev,Peugeot,e-2008 Active 50 kWH, 504
Volkswagen T-Roc Life,SUV,Benzine,https://www.anwb.nl/auto/private-lease/anwb-private-lease/aanbod/volkswagen/t-roc,Volkswagen,T-Roc Life, 509
Audi Q2 Pro Line,SUV,Benzine,https://www.anwb.nl/auto/private-lease/anwb-private-lease/aanbod/audi/q2,Audi,Q2 Pro Line, 509
Abarth 500e,hatchback,Elektriciteit,https://www.anwb.nl/auto/private-lease/anwb-private-lease/aanbod/abarth/500e-ev,Abarth,500e, 509
Peugeot 308 SW Active Pack Business,Stationwagen,Benzine,https://www.anwb.nl/auto/private-lease/anwb-private-lease/aanbod/peugeot/308-sw,Peugeot,308 SW Active Pack Business, 509
Jeep Renegade e-Hybrid Longitude,SUV ,Benzine,https://www.anwb.nl/auto/private-lease/anwb-private-lease/aanbod/jeep/renegade-mhev,Jeep,Renegade e-Hybrid Longitude, 509
Ford Kuga PHEV Titanium,SUV,Elektriciteit/Benzine,https://www.anwb.nl/auto/private-lease/anwb-private-lease/aanbod/ford/kuga-phev,Ford,Kuga PHEV Titanium, 509
Renault ARKANA E-TECH Hybrid Evolution,SUV,Hybridebenzine,https://www.anwb.nl/auto/private-lease/anwb-private-lease/aanbod/renault/arkana-hybrid,Renault,ARKANA E-TECH Hybrid Evolution, 509
BYD ATTO 3 Comfort,SUV,Elektriciteit,https://www.anwb.nl/auto/private-lease/anwb-private-lease/aanbod/byd/atto-3-ev,BYD,ATTO 3 Comfort, 509
BMW 1-serie 116i,Hatchback,Benzine,https://www.anwb.nl/auto/private-lease/anwb-private-lease/aanbod/bmw/1-serie,BMW,1-serie 116i, 514
Audi A3 Sportback S Tronic Pro Line,Sedan ,Benzine,https://www.anwb.nl/auto/private-lease/anwb-private-lease/aanbod/audi/a3-sportback-mhev,Audi,A3 Sportback S Tronic Pro Line, 514
Hyundai KONA Electric,SUV,Elektriciteit,https://www.anwb.nl/auto/private-lease/anwb-private-lease/aanbod/hyundai/kona-electric-ev,Hyundai,KONA Electric, 514
Mazda MX-5,Cabrio,Benzine,https://www.anwb.nl/auto/private-lease/anwb-private-lease/aanbod/mazda/mx-5-roadster,Mazda,MX-5, 514
DS 3 Crossback E-Tense Bastille,SUV,Elektriciteit,https://www.anwb.nl/auto/private-lease/anwb-private-lease/aanbod/ds/3-ev,DS,3 Crossback E-Tense Bastille, 519
Kia Niro EV Light Edition 64 kWh,SUV,Elektriciteit,https://www.anwb.nl/auto/private-lease/anwb-private-lease/aanbod/kia/niro-ev-ev,Kia,Niro EV Light Edition 64 kWh, 519
Abarth 500e,cabrio,Elektriciteit,https://www.anwb.nl/auto/private-lease/anwb-private-lease/aanbod/abarth/500e-cabrio-ev,Abarth,500e, 524
Kia Ceed Sportswagon PHEV DynamicLine,Station5-deurs,Elektriciteit/Benzine,https://www.anwb.nl/auto/private-lease/anwb-private-lease/aanbod/kia/ceed-sportswagon-phev,Kia,Ceed Sportswagon PHEV DynamicLine, 524
Skoda Karoq Ambition,SUV,Benzine,https://www.anwb.nl/auto/private-lease/anwb-private-lease/aanbod/skoda/karoq,Skoda,Karoq Ambition, 524
Renault AUSTRAL Evolution,SUV,Benzine,https://www.anwb.nl/auto/private-lease/anwb-private-lease/aanbod/renault/austral-mhev,Renault,AUSTRAL Evolution, 534
Volkswagen Golf Life MHEV,Hatchback,Benzine,https://www.anwb.nl/auto/private-lease/anwb-private-lease/aanbod/volkswagen/golf-mhev,Volkswagen,Golf Life MHEV, 539
Mazda MX-30 R-EV Prime-Line PHEV,SUV,Elektriciteit/benzine,https://www.anwb.nl/auto/private-lease/anwb-private-lease/aanbod/mazda/mx-30-phev,Mazda,MX-30 R-EV Prime-Line PHEV, 544
Mitsubishi ASX PHEV Intense,SUV,Elektriciteit/benzine,https://www.anwb.nl/auto/private-lease/anwb-private-lease/aanbod/mitsubishi/asx-phev,Mitsubishi,ASX PHEV Intense, 544
Opel Grandland,SUV,Benzine,https://www.anwb.nl/auto/private-lease/anwb-private-lease/aanbod/opel/grandland,Opel,Grandland, 544
DS 4 Bastille,Hatchback,Benzine,https://www.anwb.nl/auto/private-lease/anwb-private-lease/aanbod/ds/4,DS,4 Bastille, 549
Mini Cooper S,Hatchback,Benzine,https://www.anwb.nl/auto/private-lease/anwb-private-lease/aanbod/mini/cooper-s,Mini,Cooper S, 549
Mitsubishi Eclipse Cross PHEV Intense+,SUV,Elektriciteit/benzine,https://www.anwb.nl/auto/private-lease/anwb-private-lease/aanbod/mitsubishi/eclipse-cross-phev,Mitsubishi,Eclipse Cross PHEV Intense+, 549
Cupra Born Impulse,Hatchback ,Elektriciteit,https://www.anwb.nl/auto/private-lease/anwb-private-lease/aanbod/cupra/born-ev,Cupra,Born Impulse, 549
Toyota Corolla Cross Hybrid Active,SUV,Hybridebenzine,https://www.anwb.nl/auto/private-lease/anwb-private-lease/aanbod/toyota/corolla-cross-hybrid,Toyota,Corolla Cross Hybrid Active, 554
Opel Astra PHEV,Hatchback,Benzine/Elektriciteit,https://www.anwb.nl/auto/private-lease/anwb-private-lease/aanbod/opel/astra-phev,Opel,Astra PHEV, 559
BMW 2-serie 218i Gran Coupe,Sedan,Benzine,https://www.anwb.nl/auto/private-lease/anwb-private-lease/aanbod/bmw/2-serie-gran-coupe,BMW,2-serie 218i Gran Coupe, 559
Mazda CX-5 Centre-Line,SUV,Benzine,https://www.anwb.nl/auto/private-lease/anwb-private-lease/aanbod/mazda/cx-5-mhev,Mazda,CX-5 Centre-Line, 569
Volkswagen Golf Variant Life MHEV,Stationwagen,Benzine,https://www.anwb.nl/auto/private-lease/anwb-private-lease/aanbod/volkswagen/golf-variant-mhev,Volkswagen,Golf Variant Life MHEV, 569
Kia EV6 Light Edition RWD 58kWh,Hatchback,Elektriciteit,https://www.anwb.nl/auto/private-lease/anwb-private-lease/aanbod/kia/ev6-ev,Kia,EV6 Light Edition RWD 58kWh, 569
Hyundai TUCSON i-Motion MHEV,SUV,Benzine,https://www.anwb.nl/auto/private-lease/anwb-private-lease/aanbod/hyundai/tucson-mhev,Hyundai,TUCSON i-Motion MHEV, 574
Lynk & Co 01,SUV,Benzine,https://www.anwb.nl/auto/private-lease/anwb-private-lease/aanbod/lynk--co/01-phev,Lynk & Co, 01, 574
Mercedes-Benz A180 Business Line Limousine,Sedan,Benzine,https://www.anwb.nl/auto/private-lease/anwb-private-lease/aanbod/mercedes-benz/a-klasse-limousine-mhev,Mercedes-Benz,A180 Business Line Limousine, 579
Opel Astra Sports Tourer PHEV,Stationwagen,Benzine/Elektriciteit,https://www.anwb.nl/auto/private-lease/anwb-private-lease/aanbod/opel/astra-sports-tourer-phev,Opel,Astra Sports Tourer PHEV, 579
Kia Niro PHEV DynamicLine,SUV,Elektriciteit/benzine,https://www.anwb.nl/auto/private-lease/anwb-private-lease/aanbod/kia/niro-phev,Kia,Niro PHEV DynamicLine, 579
Mercedes-Benz A180 Business Line Hatchback,Hatchback,Benzine,https://www.anwb.nl/auto/private-lease/anwb-private-lease/aanbod/mercedes-benz/a-klasse-hatchback-mhev,Mercedes-Benz,A180 Business Line Hatchback, 584
Peugeot e-308 Allure,Hatchback,Elektriciteit,https://www.anwb.nl/auto/private-lease/anwb-private-lease/aanbod/peugeot/e-308-ev,Peugeot,e-308 Allure, 584
Renault AUSTRAL Hybrid Evolution,SUV,Hybridebenzine,https://www.anwb.nl/auto/private-lease/anwb-private-lease/aanbod/renault/austral-hybrid,Renault,AUSTRAL Hybrid Evolution, 584
Peugeot 3008 Allure Pack Business,SUV,Benzine,https://www.anwb.nl/auto/private-lease/anwb-private-lease/aanbod/peugeot/3008,Peugeot,3008 Allure Pack Business, 589
Mini Clubman Cooper,Stationwagen,Benzine,https://www.anwb.nl/auto/private-lease/anwb-private-lease/aanbod/mini/clubman,Mini,Clubman Cooper, 589
Peugeot 408 Allure,Hatchback,Benzine,https://www.anwb.nl/auto/private-lease/anwb-private-lease/aanbod/peugeot/408,Peugeot,408 Allure, 599
DS 4 E-Tense PHEV Bastille+,Hatchback,Elektriciteit/benzine,https://www.anwb.nl/auto/private-lease/anwb-private-lease/aanbod/ds/4-phev,DS,4 E-Tense PHEV Bastille+, 599
Peugeot e-308 SW Allure,Stationwagen,Elektriciteit,https://www.anwb.nl/auto/private-lease/anwb-private-lease/aanbod/peugeot/e-308-sw-ev,Peugeot,e-308 SW Allure, 599
Toyota Prius Dynamic PHEV,Hatchback,Elektriciteit/ benzine,https://www.anwb.nl/auto/private-lease/anwb-private-lease/aanbod/toyota/prius-phev,Toyota,Prius Dynamic PHEV, 599
Skoda Enyaq Selection 60 (62 kWh),SUV,Elektriciteit,https://www.anwb.nl/auto/private-lease/anwb-private-lease/aanbod/skoda/enyaq-ev,Skoda,Enyaq Selection 60 (62 kWh), 599
BMW 216iA Active Tourer,MPV,Benzine,https://www.anwb.nl/auto/private-lease/anwb-private-lease/aanbod/bmw/2-serie-active-tourer,BMW,216iA Active Tourer, 604
Peugeot 308 SW HYbrid 180 Active Pack Business,Stationwagen,Elektriciteit/benzine,https://www.anwb.nl/auto/private-lease/anwb-private-lease/aanbod/peugeot/308-sw-phev,Peugeot,308 SW HYbrid 180 Active Pack Business, 609
Peugeot 308 HYbrid 180 Active Pack Business,Hatchback,Elektriciteit/benzine,https://www.anwb.nl/auto/private-lease/anwb-private-lease/aanbod/peugeot/308-phev,Peugeot,308 HYbrid 180 Active Pack Business, 614
Citroën C5 Aircross Hybrid PHEV Feel,SUV,Elektriciteit/benzine,https://www.anwb.nl/auto/private-lease/anwb-private-lease/aanbod/citroen/c5-aircross-phev,Citroën,C5 Aircross Hybrid PHEV Feel, 614
Toyota bZ4X Active,SUV,Elektriciteit,https://www.anwb.nl/auto/private-lease/anwb-private-lease/aanbod/toyota/bz4x-ev,Toyota,bZ4X Active, 619
Peugeot 5008 Active Pack Business,SUV,Benzine,https://www.anwb.nl/auto/private-lease/anwb-private-lease/aanbod/peugeot/5008,Peugeot,5008 Active Pack Business, 619
Opel Grandland PHEV,SUV,Elektriciteit/benzine,https://www.anwb.nl/auto/private-lease/anwb-private-lease/aanbod/opel/grandland-phev,Opel,Grandland PHEV, 619
Jeep Compass Altitude,SUV ,Benzine,https://www.anwb.nl/auto/private-lease/anwb-private-lease/aanbod/jeep/compass-mhev,Jeep,Compass Altitude, 619
Jeep Renegade 4Xe PHEV Altitude,SUV,Elektriciteit/benzine,https://www.anwb.nl/auto/private-lease/anwb-private-lease/aanbod/jeep/renegade-phev,Jeep,Renegade 4Xe PHEV Altitude, 619
Seat Tarraco Style Business Intense,SUV,Benzine,https://www.anwb.nl/auto/private-lease/anwb-private-lease/aanbod/seat/tarraco,Seat,Tarraco Style Business Intense, 624
Mercedes-Benz A250e PHEV Business Line Limousine,Sedan,Elektriciteit/Benzine,https://www.anwb.nl/auto/private-lease/anwb-private-lease/aanbod/mercedes-benz/a-klasse-limousine-phev,Mercedes-Benz,A250e PHEV Business Line Limousine, 624
Skoda Enyaq Coupe Selection 60 (62 kWh),SUV,Elektriciteit,https://www.anwb.nl/auto/private-lease/anwb-private-lease/aanbod/skoda/enyaq-coupe-ev,Skoda,Enyaq Coupe Selection 60 (62 kWh), 629
Hyundai TUCSON PHEV Comfort,SUV,Elektriciteit/benzine,https://www.anwb.nl/auto/private-lease/anwb-private-lease/aanbod/hyundai/tucson-phev,Hyundai,TUCSON PHEV Comfort, 629
Mercedes-Benz A250e PHEV Business Line Hatchback,Hatchback,Elektriciteit/Benzine,https://www.anwb.nl/auto/private-lease/anwb-private-lease/aanbod/mercedes-benz/a-klasse-hatchback-phev,Mercedes-Benz,A250e PHEV Business Line Hatchback, 629
Zeekr X,SUV,Elektriciteit,https://www.anwb.nl/auto/private-lease/anwb-private-lease/aanbod/zeekr/x-ev,Zeekr,X, 629
Volkswagen Tiguan Life,SUV,Benzine,https://www.anwb.nl/auto/private-lease/anwb-private-lease/aanbod/volkswagen/tiguan,Volkswagen,Tiguan Life, 629
Cupra Leon PHEV,Hatchback,Elektriciteit/benzine,https://www.anwb.nl/auto/private-lease/anwb-private-lease/aanbod/cupra/leon-phev,Cupra,Leon PHEV, 639
Mercedes-Benz B180 Business Line,MPV,Benzine,https://www.anwb.nl/auto/private-lease/anwb-private-lease/aanbod/mercedes-benz/b-klasse-mhev,Mercedes-Benz,B180 Business Line, 639
Mercedes-Benz EQA 250+ Business Line,SUV,Elektriciteit,https://www.anwb.nl/auto/private-lease/anwb-private-lease/aanbod/mercedes-benz/eqa-ev,Mercedes-Benz,EQA 250+ Business Line, 639
Nissan ARIYA Advance 63 kWh,SUV,Elektriciteit,https://www.anwb.nl/auto/private-lease/anwb-private-lease/aanbod/nissan/ariya-ev,Nissan,ARIYA Advance 63 kWh, 649
Alfa Romeo Tonale Super,SUV,Benzine,https://www.anwb.nl/auto/private-lease/anwb-private-lease/aanbod/alfa-romeo/tonale-mhev,Alfa Romeo, Tonale Super, 649
Ford Mustang Mach-E RWD 75 kWh,SUV5-deurs,Elektriciteit,https://www.anwb.nl/auto/private-lease/anwb-private-lease/aanbod/ford/mustang-mach-e-ev,Ford,Mustang Mach-E RWD 75 kWh, 649
Volvo XC40 Recharge Single Motor Core,SUV,Elektriciteit,https://www.anwb.nl/auto/private-lease/anwb-private-lease/aanbod/volvo/xc40-recharge-ev,Volvo,XC40 Recharge Single Motor Core, 649
Mercedes-Benz B250e PHEV Business Line,MPV,Elektriciteit/Benzine,https://www.anwb.nl/auto/private-lease/anwb-private-lease/aanbod/mercedes-benz/b-klasse-phev,Mercedes-Benz,B250e PHEV Business Line, 649
Mazda 6 sedan,Sedan,Benzine,https://www.anwb.nl/auto/private-lease/anwb-private-lease/aanbod/mazda/6,Mazda,6 sedan, 649
Mercedes-Benz CLA 180 Business Line,Sedan,Benzine,https://www.anwb.nl/auto/private-lease/anwb-private-lease/aanbod/mercedes-benz/cla-coupe-mhev,Mercedes-Benz,CLA 180 Business Line, 649
KIA Sportage PHEV DynamicLine,SUV,Elektriciteit/benzine,https://www.anwb.nl/auto/private-lease/anwb-private-lease/aanbod/kia/sportage-phev,KIA,Sportage PHEV DynamicLine, 659
Peugeot 408 HYbrid 180 Allure (PHEV),Hatchback,Elektriciteit/benzine,https://www.anwb.nl/auto/private-lease/anwb-private-lease/aanbod/peugeot/408-phev,Peugeot,408 HYbrid 180 Allure (PHEV), 659
Lexus UX 250h Hybrid Standaard,SUV,Hybridebenzine,https://www.anwb.nl/auto/private-lease/anwb-private-lease/aanbod/lexus/ux-250h-hybrid,Lexus,UX 250h Hybrid Standaard, 659
Cupra Leon Sportstourer PHEV,Stationwagen,Elektriciteit/benzine,https://www.anwb.nl/auto/private-lease/anwb-private-lease/aanbod/cupra/leon-sportstourer-phev,Cupra,Leon Sportstourer PHEV, 664
Mercedes-Benz EQB 250+ Business Edition,SUV,Elektriciteit,https://www.anwb.nl/auto/private-lease/anwb-private-lease/aanbod/mercedes-benz/eqb-ev,Mercedes-Benz,EQB 250+ Business Edition, 664
Mini Countryman Cooper SE All4,SUV5 deurs,Elektriciteit/benzine,https://www.anwb.nl/auto/private-lease/anwb-private-lease/aanbod/mini/countryman-phev,Mini,Countryman Cooper SE All4, 669
Jeep Compass 4Xe PHEV Altitude,SUV ,Elektriciteit/benzine,https://www.anwb.nl/auto/private-lease/anwb-private-lease/aanbod/jeep/compass-phev,Jeep,Compass 4Xe PHEV Altitude, 669
MG Marvel R Luxury,SUV5 deurs,Elektriciteit,https://www.anwb.nl/auto/private-lease/anwb-private-lease/aanbod/mg/marvel-r-ev,MG,Marvel R Luxury, 669
Mercedes-Benz CLA Coupé 250e PHEV Business Line,Sedan,Elektriciteit/Benzine,https://www.anwb.nl/auto/private-lease/anwb-private-lease/aanbod/mercedes-benz/cla-coupe-phev,Mercedes-Benz,CLA Coupé 250e PHEV Business Line, 669
Volvo C40 Recharge Single Motor Core,SUV,Elektriciteit,https://www.anwb.nl/auto/private-lease/anwb-private-lease/aanbod/volvo/c40-recharge-ev,Volvo,C40 Recharge Single Motor Core, 669
Cupra Formentor e-Hybrid PHEV,SUV,Elektriciteit/benzine,https://www.anwb.nl/auto/private-lease/anwb-private-lease/aanbod/cupra/formentor-phev,Cupra,Formentor e-Hybrid PHEV, 669
Mazda 6 Sportbreak,Stationwagen ,Benzine,https://www.anwb.nl/auto/private-lease/anwb-private-lease/aanbod/mazda/6-sportbreak,Mazda,6 Sportbreak, 684
BMW X1 sDrive 18iA,SUV,Benzine,https://www.anwb.nl/auto/private-lease/anwb-private-lease/aanbod/bmw/x1,BMW,X1 sDrive 18iA, 684
Citroën C5 X PHEV 180 You,Hatchback,Elektriciteit/benzine,https://www.anwb.nl/auto/private-lease/anwb-private-lease/aanbod/citroen/c5-x-phev,Citroën,C5 X PHEV 180 You, 689
BMW 225e xDrive Active Tourer PHEV,MPV,Elektriciteit/benzine,https://www.anwb.nl/auto/private-lease/anwb-private-lease/aanbod/bmw/2-serie-active-tourer-phev,BMW,225e xDrive Active Tourer PHEV, 689
Mercedes-Benz CLA 180 Shooting Brake Business Line,Stationwagen,Benzine,https://www.anwb.nl/auto/private-lease/anwb-private-lease/aanbod/mercedes-benz/cla-shooting-brake-mhev,Mercedes-Benz,CLA 180 Shooting Brake Business Line, 689
Xpeng P7 RWD Long Range,Sedan,Elektriciteit,https://www.anwb.nl/auto/private-lease/anwb-private-lease/aanbod/xpeng/p7-ev,Xpeng,P7 RWD Long Range, 699
Toyota RAV4 Hybrid Active,SUV,Hybridebenzine,https://www.anwb.nl/auto/private-lease/anwb-private-lease/aanbod/toyota/rav4-hybrid,Toyota,RAV4 Hybrid Active, 699
Polestar 2 Long Range Single Motor,hatchback,Elektriciteit,https://www.anwb.nl/auto/private-lease/anwb-private-lease/aanbod/polestar/2-ev,Polestar,2 Long Range Single Motor, 699
Peugeot 5008 Active Pack Business,SUV,Benzine,https://www.anwb.nl/auto/private-lease/anwb-private-lease/aanbod/peugeot/5008-mhev,Peugeot,5008 Active Pack Business, 699
Audi Q4 45 e-tron Edition,SUV,Elektriciteit,https://www.anwb.nl/auto/private-lease/anwb-private-lease/aanbod/audi/q4-e-tron-ev,Audi,Q4 45 e-tron Edition, 709
BMW iX1,SUV,Elektriciteit,https://www.anwb.nl/auto/private-lease/anwb-private-lease/aanbod/bmw/ix1-ev,BMW,iX1, 714
Mercedes-Benz CLA 250e PHEV Shooting Brake  Business Line,Stationwagen,Elektriciteit/Benzine,https://www.anwb.nl/auto/private-lease/anwb-private-lease/aanbod/mercedes-benz/cla-shooting-brake-phev,Mercedes-Benz,CLA 250e PHEV Shooting Brake  Business Line, 719
DS 7 E-Tense PHEV,SUV,Elektriciteit/benzine,https://www.anwb.nl/auto/private-lease/anwb-private-lease/aanbod/ds/7-phev,DS,7 E-Tense PHEV, 724
BMW X1 xDrive 25eA,SUV,Elektriciteit/benzine,https://www.anwb.nl/auto/private-lease/anwb-private-lease/aanbod/bmw/x1-phev,BMW,X1 xDrive 25eA, 729
BMW i4 eDrive 35,Hatchback,Elektriciteit,https://www.anwb.nl/auto/private-lease/anwb-private-lease/aanbod/bmw/i4-ev,BMW,i4 eDrive 35, 729
Mazda CX-60 PHEV,SUV,Elektriciteit/benzine,https://www.anwb.nl/auto/private-lease/anwb-private-lease/aanbod/mazda/cx-60-phev,Mazda,CX-60 PHEV, 734
VinFast VF8 Eco,SUV,Elektriciteit,https://www.anwb.nl/auto/private-lease/anwb-private-lease/aanbod/vinfast/vf-8-ev,VinFast,VF8 Eco, 749
BMW 3-serie Touring 320e Business Edition Plus,Stationwagen,Elektriciteit/benzine,https://www.anwb.nl/auto/private-lease/anwb-private-lease/aanbod/bmw/3-serie-touring-phev,BMW,3-serie Touring 320e Business Edition Plus, 754
Peugeot 508 HYbrid Allure,Hatchback,Elektriciteit/benzine,https://www.anwb.nl/auto/private-lease/anwb-private-lease/aanbod/peugeot/508-phev,Peugeot,508 HYbrid Allure, 759
BMW 3-serie Touring 318iA,Stationwagen,Benzine,https://www.anwb.nl/auto/private-lease/anwb-private-lease/aanbod/bmw/3-serie-touring,BMW,3-serie Touring 318iA, 759
Subaru Solterra,SUV,Elektriciteit,https://www.anwb.nl/auto/private-lease/anwb-private-lease/aanbod/subaru/solterra-ev,Subaru,Solterra, 769
Peugeot 508 SW HYbrid Allure,Stationwagen,Elektriciteit/benzine,https://www.anwb.nl/auto/private-lease/anwb-private-lease/aanbod/peugeot/508-sw-phev,Peugeot,508 SW HYbrid Allure, 779
Toyota RAV4 Plug-In Hybrid Dynamic,SUV,Elektriciteit/benzine,https://www.anwb.nl/auto/private-lease/anwb-private-lease/aanbod/toyota/rav4-phev,Toyota,RAV4 Plug-In Hybrid Dynamic, 789
Volvo V60 Core MHEV,Stationwagen ,Benzine,https://www.anwb.nl/auto/private-lease/anwb-private-lease/aanbod/volvo/v60-mhev,Volvo,V60 Core MHEV, 789
Xpeng G9 RWD Standard Range,SUV,Elektriciteit,https://www.anwb.nl/auto/private-lease/anwb-private-lease/aanbod/xpeng/g9-ev,Xpeng,G9 RWD Standard Range, 799
Zeekr 001,Hatchback,Elektriciteit,https://www.anwb.nl/auto/private-lease/anwb-private-lease/aanbod/zeekr/001-ev,Zeekr,001, 829
Volvo V60 Core Bright PHEV,Stationwagen ,Benzine,https://www.anwb.nl/auto/private-lease/anwb-private-lease/aanbod/volvo/v60-phev,Volvo,V60 Core Bright PHEV, 844
Nio ET5,Sedan,Elektriciteit,https://www.anwb.nl/auto/private-lease/anwb-private-lease/aanbod/nio/et5-ev,Nio,ET5, 859
Nio ET5,Stationwagen,Elektriciteit,https://www.anwb.nl/auto/private-lease/anwb-private-lease/aanbod/nio/et5-touring-ev,Nio,ET5, 899
BMW X3 xDrive 30e,SUV,Elektriciteit/benzine,https://www.anwb.nl/auto/private-lease/anwb-private-lease/aanbod/bmw/x3-phev,BMW,X3 xDrive 30e, 899
BMW iX3 Executive,SUV,Elektriciteit,https://www.anwb.nl/auto/private-lease/anwb-private-lease/aanbod/bmw/ix3-ev,BMW,iX3 Executive, 899
Kia EV9 Air RWD,SUV,Elektriciteit,https://www.anwb.nl/auto/private-lease/anwb-private-lease/aanbod/kia/ev9-ev,Kia,EV9 Air RWD, 899
Lexus ES 300h Hybrid Comfort Line,Sedan,Hybridebenzine,https://www.anwb.nl/auto/private-lease/anwb-private-lease/aanbod/lexus/es-300h-hybrid,Lexus,ES 300h Hybrid Comfort Line, 909
Nio EL6,SUV,Elektriciteit,https://www.anwb.nl/auto/private-lease/anwb-private-lease/aanbod/nio/el6-ev,Nio,EL6, 919
Alfa Romeo Giulia Sprint,Sedan,Benzine,https://www.anwb.nl/auto/private-lease/anwb-private-lease/aanbod/alfa-romeo/giulia,Alfa Romeo, Giulia Sprint, 944
BMW i5 eDrive 40,Sedan,Elektriciteit,https://www.anwb.nl/auto/private-lease/anwb-private-lease/aanbod/bmw/i5-ev,BMW,i5 eDrive 40, 954
Land Rover Range Rover Evoque,SUV,Elektriciteit/benzine,https://www.anwb.nl/auto/private-lease/anwb-private-lease/aanbod/land-rover/range-rover-evoque-phev,Land Rover,Rover Range Rover Evoque, 969
Volkswagen ID. Buzz,MPV,Elektriciteit,https://www.anwb.nl/auto/private-lease/anwb-private-lease/aanbod/volkswagen/id.-buzz-ev,Volkswagen,ID. Buzz, 1009
Volvo XC60 Plus Bright PHEV,SUV,Benzine,https://www.anwb.nl/auto/private-lease/anwb-private-lease/aanbod/volvo/xc60-phev,Volvo,XC60 Plus Bright PHEV, 1019
Alfa Romeo Stelvio Sprint AWD,SUV,Benzine,https://www.anwb.nl/auto/private-lease/anwb-private-lease/aanbod/alfa-romeo/stelvio,Alfa Romeo, Stelvio Sprint AWD, 1129
Volkswagen Polo,Hatchback,Benzine,https://www.anwb.nl/auto/private-lease/anwb-private-lease/aanvragen/samenstelling-auto-en-contract?carId=G465KP&condition=occasion,Volkswagen,Polo, 359
Kia Rio,Hatchback,Benzine,https://www.anwb.nl/auto/private-lease/anwb-private-lease/aanvragen/samenstelling-auto-en-contract?carId=N489BP&condition=occasion,Kia,Rio, 379
Opel Corsa,Hatchback,Benzine,https://www.anwb.nl/auto/private-lease/anwb-private-lease/aanvragen/samenstelling-auto-en-contract?carId=K493HF&condition=occasion,Opel,Corsa, 379
Mazda Mazda3,Hatchback,Benzine,https://www.anwb.nl/auto/private-lease/anwb-private-lease/aanvragen/samenstelling-auto-en-contract?carId=J200LR&condition=occasion,Mazda,Mazda3, 414
Opel Crossland,SUV,Benzine,https://www.anwb.nl/auto/private-lease/anwb-private-lease/aanvragen/samenstelling-auto-en-contract?carId=N396ZN&condition=occasion,Opel,Crossland, 419
Audi A3 Limousine,Sedan,Benzine,https://www.anwb.nl/auto/private-lease/anwb-private-lease/aanvragen/samenstelling-auto-en-contract?carId=J459LJ&condition=occasion,Audi,A3 Limousine, 419
Opel Astra Sports Tourer,Stationwagen,Benzine,https://www.anwb.nl/auto/private-lease/anwb-private-lease/aanvragen/samenstelling-auto-en-contract?carId=K300BR&condition=occasion,Opel,Astra Sports Tourer, 419
Ford Fiesta,Hatchback,Benzine,https://www.anwb.nl/auto/private-lease/anwb-private-lease/aanvragen/samenstelling-auto-en-contract?carId=K795JT&condition=occasion,Ford,Fiesta, 419
Opel Mokka-e,SUV,Volledig elektrisch,https://www.anwb.nl/auto/private-lease/anwb-private-lease/aanvragen/samenstelling-auto-en-contract?carId=P532VN&condition=occasion,Opel,Mokka-e, 419
Nissan Juke,SUV,Benzine,https://www.anwb.nl/auto/private-lease/anwb-private-lease/aanvragen/samenstelling-auto-en-contract?carId=S817BG&condition=occasion,Nissan,Juke, 429
Opel Corsa-e,Hatchback,Volledig elektrisch,https://www.anwb.nl/auto/private-lease/anwb-private-lease/aanvragen/samenstelling-auto-en-contract?carId=T492ZF&condition=occasion,Opel,Corsa-e, 429
Ford EcoSport,SUV,Benzine,https://www.anwb.nl/auto/private-lease/anwb-private-lease/aanvragen/samenstelling-auto-en-contract?carId=G529TK&condition=occasion,Ford,EcoSport, 429
Opel Crossland X,SUV,Benzine,https://www.anwb.nl/auto/private-lease/anwb-private-lease/aanvragen/samenstelling-auto-en-contract?carId=J289RT&condition=occasion,Opel,Crossland X, 429
Mercedes-Benz A-klasse,Hatchback,Benzine,https://www.anwb.nl/auto/private-lease/anwb-private-lease/aanvragen/samenstelling-auto-en-contract?carId=L164RR&condition=occasion,Mercedes-Benz,A-klasse, 429
Opel Grandland X,SUV,Benzine,https://www.anwb.nl/auto/private-lease/anwb-private-lease/aanvragen/samenstelling-auto-en-contract?carId=ZT619X&condition=occasion,Opel,Grandland X, 449
Mazda CX-30,SUV,Benzine,https://www.anwb.nl/auto/private-lease/anwb-private-lease/aanvragen/samenstelling-auto-en-contract?carId=L421NR&condition=occasion,Mazda,CX-30, 449
Peugeot 508,Hatchback,Benzine,https://www.anwb.nl/auto/private-lease/anwb-private-lease/aanvragen/samenstelling-auto-en-contract?carId=H600KK&condition=occasion,Peugeot,508, 469
Ford Puma,SUV,Benzine hybride,https://www.anwb.nl/auto/private-lease/anwb-private-lease/aanvragen/samenstelling-auto-en-contract?carId=K618ZT&condition=occasion,Ford,Puma, 479
Mercedes-Benz B-Klasse,MiniMPV,Benzine,https://www.anwb.nl/auto/private-lease/anwb-private-lease/aanvragen/samenstelling-auto-en-contract?carId=H713RB&condition=occasion,Mercedes-Benz,B-Klasse, 529
Renault Grand Scénic,MiniMPV,Benzine,https://www.anwb.nl/auto/private-lease/anwb-private-lease/aanvragen/samenstelling-auto-en-contract?carId=P598TT&condition=occasion,Renault,Grand Scénic, 529
Hyundai Tucson,SUV,Benzine,https://www.anwb.nl/auto/private-lease/anwb-private-lease/aanvragen/samenstelling-auto-en-contract?carId=P616NV&condition=occasion,Hyundai,Tucson, 529
Peugeot 508 SW,Stationwagen,Benzine,https://www.anwb.nl/auto/private-lease/anwb-private-lease/aanvragen/samenstelling-auto-en-contract?carId=R998KJ&condition=occasion,Peugeot,508 SW, 599
Kia ProCeed,Stationwagen,Benzine,https://www.anwb.nl/auto/private-lease/anwb-private-lease/aanvragen/samenstelling-auto-en-contract?carId=R066HN&condition=occasion,Kia,ProCeed, 609
Seat Tarraco,SUV,Benzine,https://www.anwb.nl/auto/private-lease/anwb-private-lease/aanvragen/samenstelling-auto-en-contract?carId=S591TG&condition=occasion,Seat,Tarraco, 619
Kia Sportage,SUV,Benzine hybride,https://www.anwb.nl/auto/private-lease/anwb-private-lease/aanvragen/samenstelling-auto-en-contract?carId=T689SK&condition=occasion,Kia,Sportage, 639
Volvo XC40,SUV,Benzine,https://www.anwb.nl/auto/private-lease/anwb-private-lease/aanvragen/samenstelling-auto-en-contract?carId=ZV178Z&condition=occasion,Volvo,XC40, 659
Hyundai KONA,SUV,Volledig elektrisch,https://www.anwb.nl/auto/private-lease/anwb-private-lease/aanbod/productgroep=hyundai_kona_elektriciteit,Hyundai,KONA, 434
Kia Niro,Hatchback,Volledig elektrisch,https://www.anwb.nl/auto/private-lease/anwb-private-lease/aanbod/productgroep=kia_niro_elektriciteit,Kia,Niro, 439
Nissan QASHQAI,SUV,Benzine,https://www.anwb.nl/auto/private-lease/anwb-private-lease/aanbod/productgroep=nissan_qashqai_benzine,Nissan,QASHQAI, 459
Ford Mondeo,Sedan,Benzine hybride,https://www.anwb.nl/auto/private-lease/anwb-private-lease/aanbod/productgroep=ford_mondeo_hybride-benzine,Ford,Mondeo, 479
Hyundai Tucson,SUV,Benzine hybride,https://www.anwb.nl/auto/private-lease/anwb-private-lease/aanbod/productgroep=hyundai_tucson_hybride-benzine,Hyundai,Tucson, 499
Tesla Model S,Hatchback,Volledig elektrisch,https://www.anwb.nl/auto/private-lease/anwb-private-lease/aanbod/productgroep=tesla_model-s_elektriciteit,Tesla,Model S, 539
Mazda 6 Sportbreak,Stationwagen,Benzine,https://www.anwb.nl/auto/private-lease/anwb-private-lease/aanbod/productgroep=mazda_6-sportbreak_benzine,Mazda,6 Sportbreak, 549
Volvo V60,Stationwagen,Benzine,https://www.anwb.nl/auto/private-lease/anwb-private-lease/aanbod/productgroep=volvo_v60_benzine,Volvo,V60, 599
